아마존 세이지메이커란? , "Amazon SageMaker는 완전 관리형 인프라, 도구 및 워크플로를 사용하여 모든 사용 사례에 맞게 데이터를 준비하고 기계 학습 (ML) 모델을 구축, 교육 및 배포할 수 있는 완전 관리형 서비스입니다."
Amazon SageMaker를 사용할 수 있는 지역은 어디입니까?," 지원되는 Amazon SageMaker AWS 지역 목록을 보려면 AWS 지역 서비스 페이지를 방문하십시오. 또한 자세한 내용은 AWS 일반 참조 안내서의 지역별 엔드포인트를 참조하십시오."
Amazon SageMaker의 서비스 가용성은 어떻게 됩니까?,"아마존 세이지메이커는 고가용성을 위해 설계되었습니다. 유지 관리 기간이나 예정된 다운타임은 없습니다. SageMaker API는 Amazon의 검증된 고가용성 데이터 센터에서 실행되며, 각 AWS 지역의 3개 시설에 서비스 스택 복제가 구성되어 서버 장애 또는 가용 영역 중단 발생 시 내결함성을 제공합니다."
Amazon SageMaker는 내 코드를 어떻게 보호합니까? , "Amazon SageMaker는 코드를 ML 스토리지 볼륨에 저장하고 보안 그룹에 의해 보호되며 저장 시 선택적으로 암호화됩니다."
Amazon SageMaker에는 어떤 보안 조치가 있습니까? , "Amazon SageMaker는 ML 모델 아티팩트 및 기타 시스템 아티팩트가 전송 중이거나 저장된 상태에서 암호화되도록 합니다. SageMaker API 및 콘솔에 대한 요청은 보안 (SSL) 연결을 통해 이루어집니다. AWS 자격 증명 및 액세스 관리 역할을 SageMaker에 전달하면 교육 및 배포를 위해 사용자 대신 리소스에 액세스할 수 있는 권한을 제공할 수 있습니다. 암호화된 Amazon 심플 스토리지 서비스 (Amazon S3) 버킷을 사용하여 모델 아티팩트와 데이터에 사용할 수 있을 뿐만 아니라 AWS 키 관리 서비스 (KMS) 키를 SageMaker 노트북, 교육 작업 및 엔드포인트로 전달하여 연결된 ML 스토리지 볼륨을 암호화할 수 있습니다. 아마존 세이지메이커는 아마존 가상 사설 클라우드 (VPC) 와 AWS PrivateLink 지원도 지원합니다."
"아마존 세이지메이커는 모델, 교육 데이터 또는 알고리즘을 사용하거나 공유합니까?" , "Amazon SageMaker는 고객 모델, 교육 데이터 또는 알고리즘을 사용하거나 공유하지 않습니다. 우리는 고객이 개인 정보 보호 및 데이터 보안에 대해 깊이 관심을 갖고 있다는 것을 알고 있습니다. 이것이 바로 AWS가 간단하고 강력한 도구를 통해 콘텐츠에 대한 소유권과 통제권을 부여하는 이유입니다. 사용자는 이를 통해 콘텐츠를 저장할 위치를 결정하고, 전송 중인 콘텐츠와 저장 중인 콘텐츠를 보호하고, 사용자를 위해 AWS 서비스 및 리소스에 대한 액세스를 관리할 수 있습니다. 또한 콘텐츠에 대한 무단 액세스 또는 공개를 방지하도록 설계된 책임감 있고 정교한 기술적 및 물리적 제어를 구현합니다. 고객은 콘텐츠에 대한 소유권을 유지하고 콘텐츠를 처리, 저장 및 호스팅할 수 있는 AWS 서비스를 선택할 수 있습니다. 우리는 귀하의 동의 없이는 어떤 목적으로도 귀하의 콘텐츠에 액세스하지 않습니다."
"Amazon SageMaker에 대한 요금은 어떻게 청구되나요?","노트북 호스팅, 모델 교육, 예측 수행 및 출력 로깅에 사용하는 ML 컴퓨팅, 스토리지 및 데이터 처리 리소스에 대한 비용을 지불합니다. Amazon SageMaker를 사용하면 호스팅된 노트북, 교육 및 모델 호스팅에 사용할 인스턴스의 수와 유형을 선택할 수 있습니다. 사용한 만큼만 비용을 지불하면 되며 최소 요금이나 선결제 약정은 없습니다. 자세한 내용은 아마존 세이지메이커 가격 페이지 및 아마존 세이지메이커 가격 계산기를 참조하십시오."
"불필요한 비용 청구를 방지하기 위해 유휴 리소스를 감지 및 중지하는 등 Amazon SageMaker 비용을 최적화하려면 어떻게 해야 합니까?" , "Amazon SageMaker 리소스 사용률을 최적화하기 위해 채택할 수 있는 몇 가지 모범 사례가 있습니다. 일부 접근 방식에는 구성 최적화가 포함되고 다른 접근 방식에는 프로그래밍 솔루션이 포함됩니다. 시각적 자습서 및 코드 샘플이 포함된 이 개념에 대한 전체 가이드는 이 블로그 게시물에서 찾을 수 있습니다."
"저만의 노트북, 교육 또는 호스팅 환경이 있다면 어떨까요?" , "Amazon SageMaker는 완전한 종단 간 워크플로를 제공하지만 SageMaker와 함께 기존 도구를 계속 사용할 수 있습니다. 비즈니스 요구 사항에 따라 각 단계의 결과를 SageMaker에서 쉽게 내보내고 받을 수 있습니다."
아마존 세이지메이커에서 R이 지원되나요? , "네, R은 아마존 세이지메이커에서 지원됩니다. 사전 설치된 R 커널과 망상 라이브러리가 포함된 SageMaker 노트북 인스턴스 내에서 R을 사용할 수 있습니다. 레티큘레이트는 Amazon SageMaker Python SDK용 R 인터페이스를 제공하여 ML 실무자가 R 모델을 구축, 교육, 조정 및 배포할 수 있도록 합니다."
"모델의 불균형을 어떻게 확인할 수 있나요? , "Amazon SageMaker Clariate는 전체 ML 워크플로우에서 통계적 편향을 감지하여 모델 투명성을 개선하는 데 도움이 됩니다. SageMaker Clarify는 데이터 준비 중, 교육 후, 시간이 지남에 따라 불균형을 확인하고 ML 모델 및 예측을 설명하는 데 도움이 되는 도구도 제공합니다. 조사 결과는 설명 가능성 보고서를 통해 공유할 수 있습니다."
아마존 세이지메이커 클라리파이드는 어떤 종류의 편향을 감지합니까? , "ML 모델의 편향을 측정하는 것이 편향을 완화하는 첫 번째 단계입니다. 편향은 훈련 전과 훈련 후에 측정할 수 있으며 배포된 모델을 추론할 때도 측정할 수 있습니다. 각 편향 측정은 공정성에 대한 서로 다른 개념에 해당합니다. 공정성에 대한 단순한 개념만 고려하더라도 다양한 상황에 적용할 수 있는 다양한 조치를 취할 수 있습니다. 애플리케이션과 조사 중인 상황에 적합한 편향 개념과 지표를 선택해야 합니다. SageMaker는 현재 교육 데이터 (SageMaker 데이터 준비의 일부), 학습된 모델 (Amazon SageMaker 실험의 일부) 및 배포된 모델에 대한 추론 (Amazon SageMaker 모델 모니터의 일부) 에 대해 다양한 편향 지표의 계산을 지원합니다. 예를 들어, 학습 전에 교육 데이터가 대표적인지 (즉, 한 그룹이 제대로 표현되지 않았는지 여부), 그룹 간 레이블 분포에 차이가 있는지 확인하기 위한 메트릭을 제공합니다. 학습 후 또는 배포 중에 메트릭은 모델 성능이 그룹 간에 다른지 여부 (및 정도) 를 측정하는 데 유용할 수 있습니다. 예를 들어 오류율 (모델의 예측이 실제 레이블과 다를 가능성) 을 비교하는 것으로 시작하거나 정밀도 (긍정적인 예측이 정확할 가능성) 와 재현율 (모델이 긍정적인 예를 올바르게 분류할 가능성) 으로 더 세분화합니다."
"Amazon SageMaker Clarify는 어떻게 모델 설명 가능성을 개선합니까?", Amazon SageMaker Clarify는 Amazon SageMaker Experiments와 통합되어 모델 학습 후 모델의 전체 의사 결정 프로세스에서 각 입력의 중요도를 자세히 설명하는 기능 중요도 그래프를 제공합니다. 이러한 세부 정보는 특정 모델 입력이 전체 모델 동작에 생각보다 큰 영향을 미치는지 판단하는 데 도움이 될 수 있습니다. 또한 SageMaker Clarify는 API를 통해 개별 예측에 대한 설명을 제공합니다.
아마존 세이지메이커 스튜디오란? , "Amazon SageMaker Studio는 모든 ML 개발 단계를 수행할 수 있는 단일 웹 기반 시각적 인터페이스를 제공합니다. SageMaker Studio는 데이터를 준비하고 모델을 구축, 교육 및 배포하는 데 필요한 각 단계에 대한 완전한 액세스, 제어 및 가시성을 제공합니다. 데이터를 빠르게 업로드하고, 새 노트북을 만들고, 모델을 학습 및 조정하고, 여러 단계를 오가며 실험을 조정하고, 결과를 비교하고, 모델을 프로덕션에 배포하는 모든 작업을 한 곳에서 수행할 수 있으므로 생산성이 훨씬 높아집니다. 노트북, 실험 관리, 자동 모델 생성, 디버깅 및 프로파일링, 모델 드리프트 감지를 포함한 모든 ML 개발 활동을 통합된 SageMaker Studio 시각적 인터페이스 내에서 수행할 수 있습니다."
아마존 세이지메이커의 RStudio란 무엇입니까? , "아마존 세이지메이커의 RStudio는 클라우드 최초의 완전 관리형 RStudio 워크벤치입니다. 익숙한 RStudio 통합 개발 환경 (IDE) 을 빠르게 시작하고 작업 중단 없이 기본 컴퓨팅 리소스를 조정하거나 축소할 수 있으므로 R에서 기계 학습 (ML) 및 분석 솔루션을 대규모로 쉽게 구축할 수 있습니다. R 및 Python 개발을 위해 RStudio IDE와 Amazon SageMaker Studio 노트북 간에 원활하게 전환할 수 있습니다. 코드, 데이터세트, 리포지토리 및 기타 아티팩트를 포함한 모든 작업이 두 환경 간에 자동으로 동기화되므로 컨텍스트 전환을 줄이고 생산성을 높일 수 있습니다."
"아마존 세이지메이커 스튜디오 요금은 어떻게 책정되나요?", 아마존 세이지메이커 스튜디오 사용에 따른 추가 요금은 없습니다. Amazon SageMaker Studio 내에서 사용하는 서비스에 대한 기본 컴퓨팅 및 스토리지 요금만 지불하면 됩니다.
Amazon SageMaker Studio는 어느 지역에서 지원되나요? , Amazon SageMaker Studio가 지원되는 지역은 여기 설명서에서 찾을 수 있습니다.
아마존 세이지메이커는 어떤 ML 거버넌스 도구를 제공합니까? , "Amazon SageMaker는 ML 라이프사이클 전반에 걸쳐 용도에 맞게 구축된 ML 거버넌스 도구를 제공합니다. SageMaker 역할 관리자를 사용하면 관리자는 몇 분 만에 최소 권한을 정의할 수 있습니다. SageMaker 모델 카드를 사용하면 구상부터 배포까지 필수 모델 정보를 더 쉽게 캡처, 검색 및 공유할 수 있으며, SageMaker 모델 대시보드를 사용하면 생산 모델 동작에 대한 모든 정보를 한 곳에서 확인할 수 있습니다. 자세한 내용 보기."
아마존 세이지메이커 역할 관리자는 어떤 일을 하나요? , "Amazon SageMaker 역할 관리자를 사용하면 몇 분 만에 최소 권한을 정의할 수 있습니다. SageMaker 역할 관리자는 사전 구축된 IAM 정책 카탈로그와 함께 ML 활동 및 페르소나에 대한 기본 권한 세트를 제공합니다. 기본 권한을 유지하거나 특정 요구 사항에 따라 추가로 사용자 지정할 수 있습니다. 몇 가지 자체 안내 프롬프트를 통해 네트워크 액세스 경계 및 암호화 키와 같은 일반적인 거버넌스 구조를 빠르게 입력할 수 있습니다. 그러면 SageMaker 역할 관리자가 IAM 정책을 자동으로 생성합니다. AWS IAM 콘솔을 통해 생성된 역할 및 관련 정책을 검색할 수 있습니다. 사용 사례에 맞게 권한을 추가로 조정하려면 관리형 IAM 정책을 SageMaker Role Manager로 생성한 IAM 역할에 연결하십시오. 또한 태그를 추가하여 역할을 식별하고 AWS 서비스 전반에서 구성할 수 있습니다."
아마존 세이지메이커 모델 카드의 기능은 무엇입니까? , Amazon SageMaker 모델 카드를 사용하면 모델 정보에 대한 신뢰할 수 있는 단일 소스를 생성하여 ML 라이프사이클 전반에 걸쳐 모델 문서를 중앙 집중화하고 표준화할 수 있습니다. SageMaker 모델 카드는 교육 세부 정보를 자동으로 채워 문서화 프로세스를 가속화합니다. 또한 모델의 목적 및 성과 목표와 같은 세부 정보를 추가할 수 있습니다. 모델 평가 결과를 모델 카드에 첨부하고 시각화를 제공하여 모델 성능에 대한 주요 통찰력을 얻을 수 있습니다. SageMaker 모델 카드는 pdf 형식으로 내보내 다른 사람과 쉽게 공유할 수 있습니다.
아마존 세이지메이커 모델 대시보드의 기능은 무엇입니까? , "Amazon SageMaker 모델 대시보드는 배포된 모델 및 엔드포인트에 대한 포괄적인 개요를 제공하므로 하나의 창을 통해 리소스 및 모델 동작 위반을 추적할 수 있습니다. Amazon SageMaker Model Monitor 및 Amazon SageMaker Clarify와의 통합을 통해 데이터 및 모델 품질, 편향 및 기능 속성 변화를 포함한 모델 동작을 4차원으로 모니터링할 수 있습니다. 또한 SageMaker Model Dashboard는 누락 및 비활성 모델 모니터링 작업, 모델 품질, 데이터 품질, 바이어스 드리프트 및 특징 속성 드리프트에 대한 모델 동작의 편차에 대한 알림을 설정하고 수신할 수 있는 통합 환경을 제공합니다. 개별 모델을 추가로 검사하고 시간이 지남에 따라 모델 성능에 영향을 미치는 요인을 분석할 수 있습니다. 그런 다음 ML 실무자에게 후속 조치를 취하여 시정 조치를 취할 수 있습니다."
아마존 세이지메이커 오토파일럿이란 무엇입니까? , "Amazon SageMaker 오토파일럿은 ML 모델에 대한 완벽한 제어 및 가시성을 제공하는 업계 최초의 자동 기계 학습 기능입니다. SageMaker Autopilot은 몇 번의 클릭만으로 원시 데이터를 자동으로 검사하고, 기능 프로세서를 적용하고, 최적의 알고리즘 세트를 선택하고, 여러 모델을 학습 및 조정하고, 성능을 추적한 다음 성능을 기반으로 모델 순위를 매깁니다. 그 결과 모델을 학습시키는 데 일반적으로 필요한 시간보다 훨씬 짧은 시간에 배포할 수 있는 최고 성능의 모델을 만들 수 있습니다. 모델이 어떻게 생성되었고 어떤 내용이 들어 있는지 완벽하게 파악할 수 있으며, SageMaker 오토파일럿은 Amazon SageMaker Studio와 통합됩니다. SageMaker Studio에서 SageMaker 오토파일럿으로 생성된 최대 50개의 서로 다른 모델을 탐색할 수 있으므로 사용 사례에 가장 적합한 모델을 쉽게 선택할 수 있습니다. SageMaker 오토파일럿은 ML 경험이 없는 사람도 모델을 쉽게 제작하는 데 사용할 수 있으며, 숙련된 개발자가 팀이 추가로 반복할 수 있는 기준 모델을 빠르게 개발하는 데 사용할 수도 있습니다."
Amazon SageMaker 오토파일럿에서는 어떤 내장 알고리즘을 지원합니까? , Amazon SageMaker 오토파일럿은 XGBoost와 선형 학습기라는 두 가지 내장 알고리즘을 지원합니다.
Amazon SageMaker 오토파일럿 작업을 수동으로 중지할 수 있습니까? , "네. 언제든지 작업을 중지할 수 있습니다. Amazon SageMaker 오토파일럿 작업이 중지되면 진행 중인 모든 평가판이 중단되며 새로운 평가판이 시작되지 않습니다."
Amazon SageMaker를 빨리 시작하려면 어떻게 해야 합니까? , "아마존 세이지메이커 점프스타트는 ML을 빠르고 쉽게 시작할 수 있도록 도와줍니다. SageMaker JumpStart는 가장 일반적인 사용 사례를 위한 솔루션 세트를 제공하며, 이 솔루션은 클릭 몇 번으로 쉽게 배포할 수 있습니다. 솔루션은 완전히 사용자 지정이 가능하며, AWS CloudFormation 템플릿과 참조 아키텍처의 사용을 보여주기 때문에 ML 여정을 가속화할 수 있습니다. 또한 SageMaker JumpStart는 변환기, 객체 감지, 이미지 분류 모델 등 150개 이상의 인기 있는 오픈 소스 모델을 클릭 한 번으로 배포하고 미세 조정할 수 있도록 지원합니다."
Amazon SageMaker JumpStart에서 지원되는 오픈 소스 모델은 무엇입니까? , "Amazon SageMaker JumpStart에는 PyTorch Hub 및 TensorFlow Hub에서 사전 학습된 150개 이상의 오픈 소스 모델이 포함되어 있습니다. 이미지 분류 및 객체 감지와 같은 비전 작업의 경우 ResNet, MobileNet 및 싱글 샷 디텍터 (SSD) 와 같은 모델을 사용할 수 있습니다. 문장 분류, 텍스트 분류, 질문 답변과 같은 텍스트 작업의 경우 BERT, Roberta, DistilBert와 같은 모델을 사용할 수 있습니다."
"Amazon SageMaker JumpStart와 함께 사전 구축된 솔루션에는 어떤 것이 있습니까?","SageMaker JumpStart에는 솔루션을 프로덕션으로 시작하는 데 필요한 모든 AWS 서비스로 사전 구성된 솔루션이 포함되어 있습니다. 솔루션은 완전히 사용자 지정이 가능하므로 특정 사용 사례 및 데이터 세트에 맞게 쉽게 수정할 수 있습니다. 수요 예측, 사기 탐지, 예측 유지 관리를 포함한 15개 이상의 사용 사례에 대한 솔루션을 사용하고 클릭 몇 번으로 솔루션을 즉시 배포할 수 있습니다. 사용 가능한 모든 솔루션에 대한 자세한 내용은 SageMaker 시작 페이지를 참조하십시오. "
ML 아티팩트를 조직 내 다른 사람들과 공유하려면 어떻게 해야 하나요? , "Amazon SageMaker JumpStart를 사용하면 데이터 과학자와 ML 개발자가 노트북 및 모델을 포함한 ML 아티팩트를 조직 내에서 쉽게 공유할 수 있습니다. 관리자는 정의된 사용자 집합이 액세스할 수 있는 리포지토리를 설정할 수 있습니다. 리포지토리에 액세스할 권한이 있는 모든 사용자는 모델 및 노트북은 물론 SageMaker JumpStart 내의 공개 콘텐츠를 찾아보고 검색하고 사용할 수 있습니다. 사용자는 SageMaker JumpStart에서 아티팩트를 선택하여 모델을 학습시키고, 엔드포인트를 배포하고, 노트북을 실행할 수 있습니다."
Amazon SageMaker JumpStart를 사용하여 조직 내 다른 사람들과 ML 아티팩트를 공유해야 하는 이유는 무엇입니까? , "Amazon SageMaker JumpStart를 사용하면 ML 애플리케이션을 구축할 때 시장 출시 시간을 단축할 수 있습니다. 조직 내 한 팀이 구축한 모델 및 노트북을 클릭 몇 번으로 조직 내 다른 팀과 쉽게 공유할 수 있습니다. 내부 지식 공유 및 자산 재사용은 조직의 생산성을 크게 높일 수 있습니다."
"아마존 세이지메이커 점프스타트 가격 책정은 어떻게 적용되나요?","Amazon SageMaker JumpStart에서 시작한 AWS 서비스 (예: 교육 작업 및 엔드포인트) 에 대한 요금은 SageMaker 요금을 기준으로 부과됩니다. 세이지메이커 점프스타트 사용에 따른 추가 요금은 없습니다."
아마존 세이지메이커 캔버스는 무엇인가요? , "Amazon SageMaker Canvas는 직관적인 포인트 앤 클릭 인터페이스를 갖춘 코드 없는 서비스로서, 데이터에서 매우 정확한 ML 기반 예측을 생성할 수 있습니다. SageMaker Canvas를 사용하면 드래그 앤 드롭 사용자 인터페이스를 사용하여 다양한 소스의 데이터에 액세스하고 결합하여 데이터를 자동으로 정리 및 준비하여 수동 정리를 최소화할 수 있습니다. SageMaker Canvas는 다양한 최신 ML 알고리즘을 적용하여 매우 정확한 예측 모델을 찾고 예측을 위한 직관적인 인터페이스를 제공합니다. SageMaker Canvas를 사용하면 다양한 비즈니스 애플리케이션에서 훨씬 더 정확한 예측을 수행하고 모델, 데이터 및 보고서를 공유하여 기업의 데이터 과학자 및 분석가와 쉽게 협업할 수 있습니다. 세이지메이커 캔버스에 대해 자세히 알아보려면 세이지메이커 캔버스 FAQ 페이지를 방문하십시오."
"아마존 세이지메이커 캔버스 가격 책정은 어떻게 적용되나요?"," 아마존 세이지메이커 캔버스를 사용하면 사용량을 기준으로 요금을 지불합니다. SageMaker Canvas를 사용하면 여러 소스의 데이터를 대화형 방식으로 수집, 탐색 및 준비하고, 데이터를 사용하여 매우 정확한 ML 모델을 훈련하고, 예측을 생성할 수 있습니다. 청구서를 결정하는 두 가지 구성 요소가 있습니다. 하나는 SageMaker Canvas를 사용하거나 로그인한 시간에 따른 세션 요금이고, 다른 하나는 모델 구축에 사용된 데이터세트의 크기를 기준으로 한 모델 학습 요금입니다. 자세한 내용은 SageMaker Canvas 가격 페이지를 참조하십시오."
Amazon SageMaker를 사용하여 지속적 통합 및 전송 (CI/CD) 파이프라인을 구축하려면 어떻게 해야 합니까? , "Amazon SageMaker 파이프라인을 사용하면 데이터 준비부터 모델 배포까지 완전히 자동화된 ML 워크플로를 생성하여 프로덕션 환경에서 수천 개의 ML 모델로 확장할 수 있습니다. SageMaker 파이프라인은 Amazon SageMaker Studio에 연결되는 Python SDK와 함께 제공되므로 시각적 인터페이스를 활용하여 워크플로의 각 단계를 구축할 수 있습니다. 그런 다음 단일 API를 사용하여 각 단계를 연결하여 엔드-투-엔드 워크플로를 생성할 수 있습니다. SageMaker Pipelines는 단계 간 데이터 관리, 코드 레시피 패키징, 실행 오케스트레이션을 처리하여 몇 개월의 코딩 시간을 몇 시간으로 단축합니다. 워크플로가 실행될 때마다 처리된 데이터와 취해진 조치에 대한 완전한 기록이 보관되므로 데이터 과학자와 ML 개발자가 문제를 빠르게 디버깅할 수 있습니다."
학습된 모델을 모두 보고 프로덕션으로 전환하기에 가장 적합한 모델을 선택하려면 어떻게 해야 할까요? , "Amazon SageMaker 파이프라인은 모델 레지스트리라고 하는 학습된 모델의 중앙 리포지토리를 제공합니다. SageMaker Studio를 통해 시각적으로 또는 Python SDK를 통해 프로그래밍 방식으로 모델을 검색하고 모델 레지스트리에 액세스할 수 있으므로 원하는 모델을 선택하여 프로덕션에 배포할 수 있습니다."
Amazon SageMaker의 어떤 구성 요소를 Amazon SageMaker 파이프라인에 추가할 수 있습니까? , "아마존 세이지메이커 아마존 클라리파이, 아마존 세이지메이커 데이터 랭글러, 아마존 세이지메이커 피처 스토어, 아마존 세이지메이커 익스페리먼트, 아마존 세이지메이커 디버거, 아마존 세이지메이커 디버거, 아마존 세이지메이커 모델 모니터 등 아마존 세이지메이커 스튜디오를 통해 제공되는 구성 요소를 세이지메이커 파이프라인에 추가할 수 있습니다."
전체 ML 워크플로에서 모델 구성 요소를 추적하려면 어떻게 해야 합니까? , "Amazon SageMaker Pipelines는 모든 모델 구성 요소를 자동으로 추적하고 모든 변경 사항에 대한 감사 추적을 유지하므로 수동 추적을 없애고 규정 준수 목표를 달성하는 데 도움이 될 수 있습니다. SageMaker 파이프라인을 사용하여 데이터, 코드, 학습된 모델 등을 추적할 수 있습니다."
Amazon SageMaker 파이프라인의 요금은 어떻게 책정됩니까? , 아마존 세이지메이커 파이프라인에는 추가 요금이 부과되지 않습니다. 기본 컴퓨팅 또는 SageMaker 파이프라인 내에서 사용하는 별도의 AWS 서비스에 대한 비용만 지불하면 됩니다.
Amazon SageMaker와 함께 Kubeflow를 사용할 수 있나요? , "네. Kubeflow 파이프라인용 Amazon SageMaker 구성 요소는 Kubeflow 파이프라인을 사용하여 ML 워크플로를 정의하고 데이터 레이블 지정, 교육 및 추론 단계에 SageMaker를 사용할 수 있는 오픈 소스 플러그인입니다. Kubeflow 파이프라인은 Kubeflow의 추가 기능으로, 이식 가능하고 확장 가능한 엔드-투-엔드 ML 파이프라인을 구축하고 배포할 수 있게 해줍니다. 하지만 Kubeflow Pipeline을 사용할 때 ML 운영 팀은 CPU 및 GPU 인스턴스가 있는 Kubernetes 클러스터를 관리하고 운영 비용을 줄이기 위해 항상 사용률을 높게 유지해야 합니다. 데이터 과학 팀 전반에서 클러스터 활용도를 극대화하는 것은 어려운 일이며 ML 운영 팀에 추가적인 운영 오버헤드가 가중됩니다. ML에 최적화된 Kubernetes 클러스터의 대안으로 Kubeflow Pipelines용 SageMaker 구성 요소를 사용하면 ML 작업을 실행하기 위해 특별히 Kubernetes 클러스터를 구성하고 관리할 필요 없이 데이터 레이블 지정, 완전 관리형 대규모 하이퍼파라미터 튜닝 및 분산 교육 작업, 원클릭 안전하고 확장 가능한 모델 배포, Amazon EC2 스팟 인스턴스를 통한 비용 효율적인 교육 등의 강력한 SageMaker 기능을 활용할 수 있습니다."
Kubeflow 파이프라인용 Amazon SageMaker 구성 요소 요금은 어떻게 적용됩니까? , Kubeflow 파이프라인용 Amazon SageMaker 구성 요소를 사용하는 데에는 추가 요금이 부과되지 않습니다.
아마존 세이지메이커는 ML용 데이터를 어떻게 준비할 수 있습니까? , "Amazon SageMaker 데이터 랭글러는 ML을 위해 데이터를 집계하고 준비하는 데 걸리는 시간을 줄여줍니다. Amazon SageMaker Studio의 단일 인터페이스에서 클릭 몇 번으로 아마존 S3, 아마존 아테나, 아마존 레드시프트, AWS 레이크 포메이션, 아마존 세이지메이커 피처 스토어, 스노우플레이크의 데이터를 검색하고 가져올 수 있습니다. 또한 40개 이상의 데이터 소스에서 전송되어 Amazon AppFlow의 AWS Glue 데이터 카탈로그에 등록된 데이터를 쿼리하고 가져올 수 있습니다. SageMaker 데이터 랭글러는 원시 데이터를 자동으로 로드, 집계 및 표시합니다. 데이터를 SageMaker 데이터 랭글러로 가져온 후 자동으로 생성된 열 요약 및 히스토그램을 볼 수 있습니다. 그런 다음 요약 통계 및 데이터 품질 경고를 제공하는 SageMaker 데이터 랭글러 데이터 품질 및 인사이트 보고서로 데이터를 더 깊이 이해하고 잠재적 오류를 식별할 수 있습니다. Amazon SageMaker Clarify가 지원하는 편향 분석을 SageMaker 데이터 랭글러에서 직접 실행하여 데이터를 준비하는 동안 잠재적 편향을 탐지할 수도 있습니다. 여기에서 SageMaker 데이터 랭글러의 사전 구축된 변환을 사용하여 데이터를 준비할 수 있습니다. 데이터가 준비되면 Amazon SageMaker 파이프라인을 사용하여 완전히 자동화된 ML 워크플로를 구축하거나 해당 데이터를 Amazon SageMaker 피처 스토어로 가져올 수 있습니다."
Amazon SageMaker 데이터 랭글러로 모델 기능을 생성하려면 어떻게 해야 합니까? , "코드를 한 줄도 작성하지 않고도 Amazon SageMaker 데이터 랭글러는 데이터를 새로운 기능으로 자동 변환할 수 있습니다. SageMaker Data Wrangler는 사전 구성된 데이터 변환, 누락된 데이터 대입, 원-핫 인코딩, 주성분 분석 (PCA) 을 사용한 차원 축소, 시계열 전용 변환기를 다양하게 제공합니다. 예를 들어 클릭 한 번으로 텍스트 필드 열을 숫자 열로 변환할 수 있습니다. SageMaker 데이터 랭글러의 스니펫 라이브러리에서 코드 스니펫을 작성할 수도 있습니다."
Amazon SageMaker 데이터 랭글러에서 데이터를 시각화하려면 어떻게 해야 합니까? , "Amazon SageMaker 데이터 랭글러는 사전 구성된 강력한 시각화 템플릿 세트를 사용하여 데이터를 이해하고 잠재적 오류와 극단값을 식별할 수 있도록 도와줍니다. 단 한 줄의 코드도 작성하지 않고도 히스토그램, 스캐터 차트 및 ML 관련 시각화 (예: 대상 유출 감지) 를 모두 사용할 수 있습니다. 시각화를 직접 만들고 편집할 수도 있습니다."
아마존 세이지메이커 데이터 랭글러의 요금은 어떻게 책정되나요? , "Amazon SageMaker 데이터 랭글러에 사용하는 모든 ML 컴퓨팅, 스토리지 및 데이터 처리 리소스에 대한 비용을 지불합니다. 여기에서 SageMaker 데이터 랭글러 요금에 대한 모든 세부 정보를 검토할 수 있습니다. AWS 프리 티어의 일환으로 SageMaker 데이터 랭글러를 무료로 시작할 수도 있습니다."
Amazon SageMaker 데이터 랭글러에서 준비한 데이터로 기계 학습 모델을 학습시키려면 어떻게 해야 합니까? , "Amazon SageMaker 데이터 랭글러는 Amazon SageMaker 오토파일럿에서 데이터를 준비하고 기계 학습 모델을 원활하게 교육할 수 있는 통합 환경을 제공합니다. SageMaker 오토파일럿은 데이터를 기반으로 최고의 ML 모델을 자동으로 구축, 교육 및 조정합니다. SageMaker 오토파일럿을 사용하면 여전히 데이터와 모델을 완벽하게 제어하고 가시성을 유지할 수 있습니다. SageMaker 데이터 랭글러에서 준비된 기능을 기존 모델과 함께 사용할 수도 있습니다. 사용자 인터페이스 (UI) 에서 작업을 구성하거나 오케스트레이션 코드가 포함된 노트북을 내보내 Amazon SageMaker 데이터 랭글러 처리 작업이 SageMaker 교육 파이프라인의 일부로 실행되도록 구성할 수 있습니다."
과거 데이터를 기반으로 기능을 준비했는데 Amazon SageMaker 데이터 랭글러는 새 데이터를 어떻게 처리합니까? , "SageMaker 데이터 랭글러 UI에서 직접 Amazon SageMaker 처리 작업을 구성하고 시작할 수 있습니다. 여기에는 데이터 처리 작업을 예약하고 데이터 소스를 매개 변수화하여 대규모로 새로운 데이터 배치를 쉽게 변환하는 것이 포함됩니다."
Amazon SageMaker 데이터 랭글러는 내 CI/CD 프로세스와 어떻게 작동합니까? , "데이터를 준비했으면 Amazon SageMaker 데이터 랭글러는 SageMaker 데이터 랭글러 흐름을 프로덕션 환경으로 전환하기 위한 다양한 옵션을 제공하며 MLOps 및 CI/CD 기능과 원활하게 통합됩니다. SageMaker Data Wrangler UI에서 직접 SageMaker 처리 작업을 구성하고 실행할 수 있습니다. 여기에는 데이터 처리 작업을 예약하고 데이터 원본을 매개변수화하여 대규모로 새로운 데이터 배치를 쉽게 변환할 수 있습니다. 또는 SageMaker 데이터 랭글러는 SageMaker 프로세싱 및 SageMaker Spark 컨테이너와 원활하게 통합되므로 SageMaker SDK를 사용하여 SageMaker 데이터 랭글러를 프로덕션 워크플로에 쉽게 통합할 수 있습니다."
"아마존 세이지메이커 데이터 랭글러 퀵 모델은 어떤 모델을 사용합니까?","Amazon SageMaker 데이터 랭글러는 버튼 클릭 몇 번으로 기본 하이퍼파라미터를 사용하여 XGBoost 모델을 분할하고 학습시킵니다. SageMaker Data Wrangler는 문제 유형에 따라 모델 요약, 기능 요약 및 혼동 매트릭스를 제공하여 신속하게 통찰력을 제공하므로 데이터 준비 흐름을 반복할 수 있습니다. "
"아마존 세이지메이커 데이터 랭글러는 어떤 크기의 데이터를 지원합니까?","Amazon SageMaker 데이터 랭글러는 데이터를 가져오기 위한 Top-K, 무작위 및 계층화된 샘플링과 같은 다양한 샘플링 기술을 지원하므로 SageMaker 데이터 랭글러의 UI를 사용하여 데이터를 빠르게 변환할 수 있습니다. 크거나 넓은 데이터 세트를 사용하는 경우 SageMaker 데이터 랭글러 인스턴스 크기를 늘려 성능을 개선할 수 있습니다. 흐름을 만든 후에는 SageMaker 데이터 랭글러 처리 작업을 사용하여 전체 데이터세트를 처리할 수 있습니다."
아마존 세이지메이커 데이터 랭글러는 아마존 세이지메이커 피처 스토어와 호환되나요? , 아마존 세이지메이커 데이터 랭글러에서 준비한 기능을 위한 목적지로 아마존 세이지메이커 피처 스토어를 구성할 수 있습니다. UI에서 직접 이 작업을 수행하거나 SageMaker Feature Store를 대상으로 하여 데이터 처리를 위해 특별히 생성된 노트북을 내보낼 수 있습니다.
ML 모델용 기능을 저장하려면 어떻게 해야 하나요? , "Amazon SageMaker 기능 스토어는 읽기 및 쓰기 지연 시간 (밀리초) 이 짧은 데이터 기능을 위한 중앙 리포지토리를 제공합니다. SageMaker Feature Store를 통해 기능을 저장, 검색, 공유할 수 있으므로 보안 액세스 및 제어를 통해 모델 및 팀 간에 쉽게 재사용할 수 있습니다. SageMaker 기능 스토어는 배치 또는 스트리밍 파이프라인을 통해 생성된 온라인 및 오프라인 기능을 모두 지원합니다. 기능 백필을 지원하고 온라인 스토어와 오프라인 스토어를 모두 제공하여 모델 트레이닝과 추론에 사용되는 기능 간의 패리티를 유지합니다."
온라인 기능과 오프라인 기능 간의 일관성을 유지하려면 어떻게 해야 하나요? , Amazon SageMaker Feature Store는 추가 관리 또는 코드 없이 온라인 기능과 오프라인 기능 간의 일관성을 자동으로 유지합니다. SageMaker 기능 스토어는 완전관리형이며 교육 및 추론 환경 전반에서 일관성을 유지합니다.
특정 시점의 기능을 재현하려면 어떻게 해야 합니까? , Amazon SageMaker 피처 스토어는 모든 기능의 타임스탬프를 모든 시점에 유지합니다. 이를 통해 비즈니스 또는 규정 준수 요구 사항에 따라 언제든지 기능을 검색할 수 있습니다. 주어진 시점의 모델을 재현하여 처음 생성되었을 때부터 현재까지의 모델 특징과 가치를 쉽게 설명할 수 있습니다.
오프라인 기능이란 무엇입니까? , "오프라인 기능은 오랜 기간 동안 매우 많은 볼륨에 액세스해야 하기 때문에 교육에 사용됩니다. 이러한 기능은 처리량과 대역폭이 높은 저장소에서 제공됩니다."
온라인 기능이란 무엇입니까? , 온라인 기능은 실시간 예측에 필요한 애플리케이션에서 사용됩니다. 빠른 예측을 위해 지연 시간이 10밀리초 미만인 처리량이 높은 리포지토리에서 온라인 기능을 제공합니다.
Amazon SageMaker 피처 스토어의 요금은 어떻게 적용됩니까? , "AWS 프리 티어의 일부로 Amazon SageMaker 피처 스토어를 무료로 시작할 수 있습니다. SageMaker Feature Store를 사용하면 피처 스토어에 글을 쓰고 온라인 피처 스토어에서 읽고 저장하는 데 드는 비용을 지불합니다. 가격 세부 정보는 SageMaker 가격 책정 페이지를 참조하십시오."
아마존 세이지메이커는 데이터 라벨링을 위해 무엇을 제공합니까? , "아마존 세이지메이커는 아마존 세이지메이커 그라운드 트루스 플러스와 아마존 세이지메이커 그라운드 트루스라는 두 가지 데이터 라벨링 서비스를 제공합니다. 두 옵션 모두 이미지, 텍스트 파일, 비디오와 같은 원시 데이터를 식별하고 유용한 레이블을 추가하여 ML 모델을 위한 고품질 교육 데이터 세트를 생성할 수 있도록 합니다. 자세히 알아보려면 SageMaker 데이터 라벨링 웹페이지를 방문하십시오."
지리공간 데이터란 무엇입니까? , "지리공간 데이터는 지표면의 특징이나 물체를 나타냅니다. 첫 번째 유형의 지리공간 데이터는 점, 선 또는 다각형과 같은 2차원 지오메트리를 사용하여 도로나 토지 경계와 같은 객체를 나타내는 벡터 데이터입니다. 두 번째 유형의 지리공간 데이터는 위성, 항공 플랫폼 또는 원격 탐사 데이터로 캡처한 이미지와 같은 래스터 데이터입니다. 이 데이터 유형은 픽셀 행렬을 사용하여 특징의 위치를 정의합니다. 다양한 데이터를 저장하는 데 래스터 형식을 사용할 수 있습니다. 세 번째 유형의 지리공간 데이터는 지오태그가 지정된 위치 데이터입니다. 여기에는 위치 태그가 지정된 소셜 미디어 게시물, 위도 및 경도 좌표, 다양한 스타일 및 형식의 도로명 주소 등 관심 장소 (예: 에펠탑) 가 포함됩니다. "
아마존 세이지메이커의 지리공간 기능이란 무엇입니까? , "Amazon SageMaker 지리공간 기능을 사용하면 데이터 과학자와 기계 학습 (ML) 엔지니어가 지리공간 데이터를 사용하여 예측하기 위한 ML 모델을 더 쉽게 구축, 교육 및 배포할 수 있습니다. Amazon S3의 Planet Labs 위성 데이터와 같은 자체 데이터를 가져오거나 AWS, Amazon 위치 서비스 및 기타 Amazon SageMaker 지리 공간 데이터 소스의 오픈 데이터에서 데이터를 수집할 수 있습니다. "
Amazon SageMaker에서 지리공간 ML을 사용해야 하는 이유는 무엇입니까? , "Amazon SageMaker 지리공간 기능을 사용하면 DIY 솔루션보다 더 빠르게 지리공간 데이터를 예측할 수 있습니다. Amazon SageMaker 지리공간 기능을 사용하면 기존 고객 데이터 레이크, 오픈 소스 데이터 세트 및 기타 Amazon SageMaker 지리공간 데이터 소스에서 지리공간 데이터에 더 쉽게 액세스할 수 있습니다. Amazon SageMaker 지리 공간 기능은 효율적인 데이터 준비, 모델 교육 및 추론을 위해 특별히 구축된 알고리즘을 제공하여 사용자 지정 인프라 및 데이터 사전 처리 기능을 구축할 필요성을 최소화합니다. 또한 Amazon SageMaker Studio에서 사용자 지정 시각화 및 데이터를 생성하고 조직과 공유할 수 있습니다. Amazon SageMaker 지리 공간 기능에는 농업, 부동산, 보험 및 금융 서비스에서 일반적으로 사용할 수 있도록 사전 학습된 모델이 포함되어 있습니다."
아마존 세이지메이커 스튜디오 노트북이란 무엇입니까? , "Amazon SageMaker Studio 노트북은 빠르게 시작할 수 있고 협업이 가능한 관리형 Jupyter 노트북입니다. Amazon SageMaker Studio 노트북은 ML을 위한 완전 통합 개발 환경 (IDE) 인 Amazon SageMaker Studio의 엔드 투 엔드 ML 개발을 위해 SageMaker의 특별히 구축된 ML 도구 및 기타 AWS 서비스와 통합됩니다."
Amazon SageMaker Studio 노트북은 인스턴스 기반 노트북 제품과는 어떻게 다릅니까? , "SageMaker Studio 노트북은 인스턴스 기반 노트북과 차별화되는 몇 가지 중요한 기능을 제공합니다. Studio 노트북을 사용하면 인스턴스를 수동으로 프로비저닝하고 작동할 때까지 기다릴 필요 없이 노트북을 빠르게 시작할 수 있습니다. 노트북을 읽고 실행하기 위한 UI를 시작하는 시작 시간은 인스턴스 기반 노트북보다 빠릅니다. 또한 UI 내에서 언제든지 다양한 인스턴스 유형 중에서 유연하게 선택할 수 있습니다. 노트북을 통해 새 인스턴스를 시작하고 포팅하기 위해 AWS Management Console로 이동할 필요가 없습니다. 각 사용자는 특정 인스턴스와는 독립적으로 격리된 홈 디렉터리를 가지고 있습니다. 이 디렉터리는 모든 노트북 서버와 커널이 시작될 때 자동으로 마운트되므로 노트북을 보고 실행하기 위해 인스턴스를 전환할 때도 노트북과 기타 파일에 액세스할 수 있습니다. SageMaker Studio 노트북은 AWS IAM ID 센터 (AWS SSO의 후속) 와 통합되므로 조직의 자격 증명을 사용하여 노트북에 쉽게 액세스할 수 있습니다. 노트북 공유는 SageMaker Studio 노트북의 통합 기능입니다. 클릭 한 번으로 동료와 노트북을 공유하거나 동시에 하나의 노트북을 공동 편집할 수도 있습니다."
Amazon SageMaker Studio 노트북은 어떻게 작동합니까? , "아마존 세이지메이커 스튜디오 노트북은 원클릭 주피터 노트북으로 빠르게 회전할 수 있습니다. 기반 컴퓨팅 리소스는 완전히 탄력적이므로 사용 가능한 리소스를 쉽게 늘리거나 줄일 수 있으며 작업 중단 없이 백그라운드에서 변경 사항이 자동으로 적용됩니다. 또한 SageMaker를 사용하면 클릭 한 번으로 노트북을 공유할 수 있습니다. 노트북을 다른 사람과 쉽게 공유할 수 있으며, 다른 사람은 똑같은 노트북을 같은 장소에 저장해 둘 수 있습니다. SageMaker Studio 노트북을 사용하면 AWS IAM ID 센터 (AWS SSO의 후속) 를 사용하여 기업 자격 증명으로 로그인할 수 있습니다. 노트북을 공유하는 동안 노트북과 함께 캡슐화되는 작업 이미지에서 노트북을 실행하는 데 필요한 종속성이 자동으로 추적되기 때문에 팀 내부 및 팀 간에 노트북을 공유하는 것은 쉽습니다."
Amazon SageMaker의 공유 공간에는 어떤 것이 있습니까? , "기계 학습 전문가는 팀원들이 함께 Amazon SageMaker Studio 노트북을 읽고 편집할 수 있는 공유 작업 공간을 만들 수 있습니다. 공유 스페이스를 사용하면 팀원이 동일한 노트북 파일을 공동 편집하고, 노트북 코드를 동시에 실행하고, 결과를 함께 검토하여 앞뒤가 번거롭지 않고 협업을 간소화할 수 있습니다. 공유 공간에서 ML 팀은 BitBucket 및 AWS CodeCommit와 같은 서비스를 기본적으로 지원하므로 다양한 버전의 노트북을 쉽게 관리하고 시간 경과에 따른 변경 사항을 비교할 수 있습니다. 실험 및 ML 모델과 같이 노트북 내에서 생성된 모든 리소스는 자동으로 저장되고 해당 리소스가 생성된 특정 작업 공간에 연결되므로 팀이 더 쉽게 체계적으로 정리하고 ML 모델 개발을 가속화할 수 있습니다."
Amazon SageMaker Studio 노트북은 다른 AWS 서비스와 어떻게 연동됩니까? , "Amazon SageMaker Studio 노트북을 사용하면 분산 교육, 배치 변환, 호스팅 및 실험 관리와 같은 모든 SageMaker 기능에 액세스할 수 있습니다. SageMaker 노트북에서 Amazon S3, Amazon Redshift, AWS Glue, Amazon EMR 또는 AWS Lake Formation의 데이터 세트와 같은 다른 서비스에 액세스할 수 있습니다."
아마존 세이지메이커 스튜디오 노트북 요금은 어떻게 책정되나요? , "SageMaker Studio 노트북을 사용하면 컴퓨팅 및 스토리지 모두에 대해 비용을 지불하게 됩니다. 컴퓨팅 인스턴스 유형별 요금은 Amazon SageMaker 요금을 참조하십시오. 노트북과 관련 아티팩트 (예: 데이터 파일 및 스크립트) 는 Amazon EFS에 유지됩니다. 스토리지 요금은 Amazon EFS 요금을 참조하십시오. AWS 프리 티어의 일환으로 Amazon SageMaker Studio 노트북을 무료로 시작할 수 있습니다."
SageMaker Studio에서 제작하여 실행하는 각 노트북에 대해 요금이 별도로 부과되나요? , "아니요. 동일한 컴퓨팅 인스턴스에서 여러 노트북을 만들고 실행할 수 있습니다. 사용한 컴퓨팅에 대해서만 비용을 지불하고 개별 항목에 대해서는 비용을 지불하지 않습니다. 이에 대한 자세한 내용은 측정 가이드에서 확인할 수 있습니다. 노트북 외에도 SageMaker Studio에서 터미널과 대화형 셸을 모두 동일한 컴퓨팅 인스턴스에서 시작하고 실행할 수 있습니다. 각 애플리케이션은 컨테이너 또는 이미지 내에서 실행됩니다. SageMaker Studio는 데이터 과학 및 ML을 위해 특별히 제작되고 사전 구성된 여러 내장 이미지를 제공합니다. SageMaker Studio 개발자 환경에 대한 자세한 내용은 SageMaker Studio 노트북 사용 가이드에서 확인할 수 있습니다."
노트북에서 사용하는 리소스를 모니터링하고 종료하려면 어떻게 해야 합니까? , SageMaker Studio 비주얼 인터페이스와 AWS 관리 콘솔을 통해 SageMaker Studio 노트북에서 사용하는 리소스를 모니터링하고 종료할 수 있습니다. 자세한 내용은 설명서를 참조하십시오.
"저는 세이지메이커 스튜디오 노트북을 사용하고 있습니다. 브라우저를 닫거나, 노트북 탭을 닫거나, 브라우저를 열어 놓아도 요금이 계속 청구되나요?" , "예, 컴퓨팅 요금은 계속 청구됩니다. 이는 AWS 관리 콘솔에서 Amazon EC2 인스턴스를 시작한 다음 브라우저를 닫는 것과 비슷합니다. Amazon EC2 인스턴스는 계속 실행 중이므로 인스턴스를 명시적으로 종료하지 않는 한 요금이 계속 발생합니다."
Amazon SageMaker Studio 도메인을 생성하고 설정하는 데 요금이 부과되나요? , "아니요. 사용자 프로필 추가, 업데이트 및 삭제를 포함하여 Amazon SageMaker Studio 도메인을 생성 또는 구성하는 데는 요금이 부과되지 않습니다."
Amazon SageMaker Studio 노트북 또는 기타 Amazon SageMaker 서비스에 대한 항목별 요금을 확인하려면 어떻게 해야 합니까? , "관리자는 AWS 결제 콘솔에서 SageMaker Studio를 포함한 Amazon SageMaker에 대한 항목별 요금 목록을 볼 수 있습니다. SageMaker용 AWS 관리 콘솔의 상단 메뉴에서 서비스를 선택하고 검색 상자에 "" 청구"를 입력한 다음 드롭다운에서 청구를 선택한 다음 왼쪽 패널에서 청구서를 선택합니다. 세부 정보 섹션에서 SageMaker를 클릭하여 지역 목록을 확장하고 항목별 요금을 자세히 살펴볼 수 있습니다."
아마존 세이지메이커 스튜디오 랩이란 무엇입니까? , "Amazon SageMaker Studio Lab은 누구나 ML을 배우고 실험할 수 있도록 컴퓨팅, 스토리지 (최대 15GB) 및 보안을 모두 무료로 제공하는 무료 ML 개발 환경입니다. 시작하려면 유효한 이메일 ID만 있으면 됩니다. 인프라를 구성하거나 ID 및 액세스를 관리하거나 AWS 계정을 등록할 필요가 없습니다. SageMaker Studio Lab은 GitHub 통합을 통해 모델 구축을 가속화하며, 가장 널리 사용되는 ML 도구, 프레임워크 및 라이브러리로 사전 구성되어 제공되므로 즉시 시작할 수 있습니다. SageMaker Studio Lab은 작업을 자동으로 저장하므로 세션 간에 다시 시작할 필요가 없습니다. 노트북을 닫고 나중에 다시 돌아오는 것만큼 쉽습니다."
아마존 세이지메이커 스튜디오 랩을 사용해야 하는 이유는 무엇입니까? , "Amazon SageMaker Studio Lab은 ML 수업 및 실험에 설정이 필요 없는 무료 노트북 개발 환경을 필요로 하는 학생, 연구원 및 데이터 과학자를 위한 것입니다. SageMaker Studio Lab은 프로덕션 환경이 필요하지 않지만 SageMaker 기능의 일부를 사용하여 ML 기술을 향상시키려는 사용자에게 적합합니다. SageMaker 세션은 자동으로 저장되므로 사용자는 각 사용자 세션에서 중단한 부분부터 다시 시작할 수 있습니다."
아마존 세이지메이커 스튜디오 랩은 다른 AWS 서비스와 어떻게 연동됩니까? , "Amazon SageMaker Studio Lab은 AWS에 구축된 서비스로, Amazon S3 및 Amazon EC2와 같은 Amazon SageMaker Studio와 동일한 핵심 서비스를 많이 사용합니다. 다른 서비스와 달리 고객에게는 AWS 계정이 필요하지 않습니다. 대신 이메일 주소를 사용하여 Amazon SageMaker Studio Lab 전용 계정을 생성합니다. 이를 통해 사용자는 제한된 환경 (15GB의 스토리지 및 12시간 세션) 에 액세스하여 ML 노트북을 실행할 수 있습니다."
아마존 세이지메이커 캔버스란 무엇입니까? , "Amazon SageMaker Canvas는 비즈니스 분석가가 코드를 작성하거나 ML 전문 지식이 없어도 ML 모델을 구축하고 정확한 예측을 생성할 수 있는 시각적 드래그 앤 드롭 서비스입니다. SageMaker Canvas를 사용하면 다양한 소스의 데이터에 쉽게 액세스 및 결합하고, 데이터를 자동으로 정리하고 다양한 데이터 조정을 적용하고, 클릭 한 번으로 정확한 예측을 생성하는 ML 모델을 구축할 수 있습니다. 또한 결과를 쉽게 게시하고, 모델을 설명 및 해석하고, 조직 내 다른 사람들과 모델을 공유하여 검토할 수 있습니다."
"Amazon SageMaker Canvas는 어떤 데이터 소스를 지원합니까?","아마존 세이지메이커 캔버스를 사용하면 Amazon S3 및 Amazon Redshift를 포함하여 계정이 액세스할 수 있는 AWS 데이터 소스를 원활하게 검색할 수 있습니다. SageMaker Canvas의 시각적 드래그 앤 드롭 인터페이스를 사용하여 데이터를 검색하고 가져올 수 있습니다. 또한 로컬 디스크에서 파일을 드래그 앤 드롭하고 사전 구축된 커넥터를 사용하여 Snowflake와 같은 타사 소스에서 데이터를 가져올 수 있습니다."
Amazon SageMaker Canvas에서 정확한 예측을 생성하는 ML 모델을 구축하려면 어떻게 해야 합니까? , "소스를 연결하고, 데이터 세트를 선택하고, 데이터를 준비했으면, 예측하려는 대상 열을 선택하여 모델 생성 작업을 시작할 수 있습니다. Amazon SageMaker Canvas는 자동으로 문제 유형을 식별하고, 새로운 관련 기능을 생성하고, 선형 회귀, 로지스틱 회귀, 딥 러닝, 시계열 예측, 기울기 부스팅과 같은 ML 기법을 사용하여 포괄적인 예측 모델 세트를 테스트하고, 데이터 세트를 기반으로 정확한 예측을 수행하는 모델을 구축합니다."
"Amazon SageMaker Canvas에서 모델을 구축하는 데 시간이 얼마나 걸립니까? 모델 생성 중에 진행 상황을 모니터링하려면 어떻게 해야 합니까?","모델을 만드는 데 걸리는 시간은 데이터세트의 크기에 따라 다릅니다. 작은 데이터셋은 30분 미만이 소요될 수 있고, 큰 데이터셋은 몇 시간이 걸릴 수 있습니다. 모델 생성 작업이 진행됨에 따라 Amazon SageMaker Canvas는 작업 완료율 및 작업 완료까지 남은 시간을 포함한 상세한 시각적 업데이트를 제공합니다."
아마존 세이지메이커 익스페리먼츠란 무엇입니까? , "Amazon SageMaker 실험을 사용하면 ML 모델의 반복을 구성하고 추적할 수 있습니다. SageMaker 실험은 입력 파라미터, 구성 및 결과를 자동으로 캡처하여 실험으로 저장함으로써 반복을 관리할 수 있도록 도와줍니다. Amazon SageMaker Studio의 시각적 인터페이스 내에서 작업할 수 있습니다. 여기서 활성 실험을 탐색하고, 특성별로 이전 실험을 검색하고, 이전 실험과 결과를 검토하고, 실험 결과를 시각적으로 비교할 수 있습니다."
아마존 세이지메이커 디버거란 무엇입니까? , "Amazon SageMaker 디버거는 훈련 중에 혼동 행렬 및 학습 기울기와 같은 실시간 지표를 자동으로 캡처하여 모델 정확도를 개선하는 데 도움이 됩니다. SageMaker 디버거의 지표를 Amazon SageMaker Studio에서 시각화하여 쉽게 이해할 수 있습니다. 또한 SageMaker 디버거는 일반적인 교육 문제가 감지되면 경고 및 수정 조언을 생성할 수 있습니다. 또한 SageMaker Debugger는 CPU, GPU, 네트워크 및 메모리와 같은 시스템 리소스를 실시간으로 자동으로 모니터링하고 프로파일링하며 이러한 리소스의 재할당에 대한 권장 사항을 제공합니다. 이를 통해 교육 중에 리소스를 효율적으로 사용하고 비용과 리소스를 줄일 수 있습니다."
Amazon SageMaker는 분산 교육을 지원합니까? , "네. Amazon SageMaker는 이러한 배포 전략을 수동으로 구축하고 최적화하는 데 걸리는 시간보다 훨씬 짧은 시간에 AWS GPU 인스턴스 전체에 딥 러닝 모델 및 대규모 교육 세트를 자동으로 배포할 수 있습니다. SageMaker가 적용하는 두 가지 분산 교육 기법은 데이터 병렬화와 모델 병렬성입니다. 데이터 병렬화는 데이터를 여러 GPU 인스턴스로 균등하게 나누어 각 인스턴스가 동시에 학습할 수 있도록 함으로써 학습 속도를 향상시키는 데 적용됩니다. 모델 병렬화는 모델이 너무 커서 단일 GPU에 저장할 수 없고 여러 GPU에 분산하기 전에 모델을 더 작은 부분으로 분할해야 하는 경우에 유용합니다. PyTorch 및 TensorFlow 교육 스크립트에 몇 줄의 추가 코드만 있으면 SageMaker가 자동으로 데이터 병렬화 또는 모델 병렬화를 적용하므로 모델을 더 빠르게 개발하고 배포할 수 있습니다. SageMaker는 그래프 분할 알고리즘을 사용하여 각 GPU의 계산 균형을 맞추는 동시에 GPU 인스턴스 간의 통신을 최소화함으로써 모델을 분할하는 최선의 방법을 결정합니다. 또한 SageMaker는 AWS 컴퓨팅과 네트워크를 완전히 활용하는 알고리즘을 통해 분산 교육 작업을 최적화하여 선형에 가까운 확장 효율성을 달성하므로 수동 오픈 소스 구현보다 빠르게 교육을 완료할 수 있습니다."
Amazon SageMaker 교육 컴파일러란 무엇입니까? , "Amazon SageMaker 교육 컴파일러는 그래프 및 커널 수준의 최적화를 통해 DL 모델 교육을 최대 50% 가속화하여 GPU를 보다 효율적으로 사용하는 딥 러닝 (DL) 컴파일러입니다. SageMaker 교육 컴파일러는 SageMaker의 TensorFlow 및 PyTorch 버전과 통합되므로 코드 변경을 최소화하면서 이러한 인기 있는 프레임워크에서 교육 속도를 높일 수 있습니다."
아마존 세이지메이커 트레이닝 컴파일러는 어떻게 작동합니까? , "Amazon SageMaker 교육 컴파일러는 DL 모델을 고급 언어 표현에서 네이티브 프레임워크를 사용한 작업보다 빠르게 학습하는 하드웨어에 최적화된 지침으로 변환하여 교육 작업을 가속화합니다. 구체적으로 말하자면, SageMaker Training Compiler는 그래프 수준 최적화 (연산자 융합, 메모리 계획 및 대수 단순화), 데이터 흐름 수준 최적화 (레이아웃 변환, 공통 하위 표현식 제거) 및 백엔드 최적화 (메모리 지연 숨기기, 루프 지향 최적화) 를 사용하여 하드웨어 리소스를 보다 효율적으로 사용하고 결과적으로 더 빠르게 학습하는 최적화된 모델 교육 작업을 생성합니다."
Amazon SageMaker 교육 컴파일러를 사용하려면 어떻게 해야 합니까? , "아마존 세이지메이커 트레이닝 컴파일러는 세이지메이커 파이썬 SDK 및 세이지메이커 허깅 페이스 딥 러닝 컨테이너에 내장되어 있습니다. 속도 향상의 이점을 활용하기 위해 워크플로를 변경할 필요는 없습니다. Amazon SageMaker 노트북 인스턴스, Amazon SageMaker 스튜디오, Python용 AWS SDK (Boto3), AWS 명령줄 인터페이스 등 모든 SageMaker 인터페이스를 사용하여 기존과 동일한 방식으로 교육 작업을 실행할 수 있습니다. 프레임워크 추정기 객체를 생성할 때 TrainingCompilerConfig 클래스를 파라미터로 추가하여 SageMaker 교육 컴파일러를 활성화할 수 있습니다. 실제로 이것은 단일 GPU 인스턴스의 기존 교육 작업 스크립트에 몇 줄의 코드를 추가해야 한다는 것을 의미합니다. 가장 최신의 세부 설명서, 샘플 노트북 및 예제는 설명서에서 확인할 수 있습니다."
Amazon SageMaker 교육 컴파일러의 요금은 얼마입니까? , 교육 컴파일러는 SageMaker 교육 기능이며 추가 비용 없이 SageMaker 고객에게만 제공됩니다. 교육 시간이 단축되므로 고객은 트레이닝 컴파일러를 통해 실제로 비용을 절감할 수 있습니다.
매니지드 스팟 트레이닝이란? , "Amazon SageMaker를 통한 관리형 스팟 교육을 사용하면 Amazon EC2 스팟 인스턴스를 사용하여 ML 모델을 교육하는 동시에 모델 교육 비용을 최대 90% 절감할 수 있습니다."
관리형 스팟 트레이닝을 사용하려면 어떻게 해야 합니까? , "교육 작업을 제출할 때 Managed Spot Training 옵션을 활성화하고 스팟 용량이 공급될 때까지 기다릴 시간도 지정합니다. 그러면 Amazon SageMaker는 Amazon EC2 스팟 인스턴스를 사용하여 작업을 실행하고 스팟 용량을 관리합니다. 교육 작업이 실행 중인 동안과 용량을 기다리는 동안 교육 작업의 상태를 완벽하게 파악할 수 있습니다."
매니지드 스팟 트레이닝은 언제 사용해야 하나요? , "매니지드 스팟 트레이닝은 유연하게 트레이닝을 진행할 수 있고 트레이닝 작업 비용을 최소화하려는 경우에 적합합니다. 관리형 스팟 트레이닝을 사용하면 ML 모델 교육 비용을 최대 90% 까지 절감할 수 있습니다."
매니지드 스팟 트레이닝은 어떻게 작동하나요? , "관리형 스팟 트레이닝은 Amazon EC2 스팟 인스턴스를 교육에 사용하며, AWS에 용량이 필요할 때 이러한 인스턴스를 선점할 수 있습니다. 따라서 관리형 스팟 트레이닝 작업은 용량이 확보되는 대로 조금씩 조금씩 실행할 수 있습니다. Amazon SageMaker는 최신 모델 체크포인트를 사용하여 교육 작업을 재개할 수 있으므로 중단이 발생하더라도 교육 작업을 처음부터 다시 시작할 필요가 없습니다. 내장된 프레임워크와 SageMaker의 내장된 컴퓨터 비전 알고리즘을 사용하면 주기적인 체크포인트를 사용할 수 있으며 사용자 지정 모델로 체크포인트를 활성화할 수 있습니다."
매니지드 스팟 트레이닝을 통해 정기적으로 체크포인트를 이용해야 하나요? , "장기 실행 교육 작업의 일반적인 모범 사례로 정기적인 체크포인트를 사용하는 것이 좋습니다. 이렇게 하면 용량이 미리 확보된 경우 관리형 스팟 트레이닝 작업이 다시 시작되지 않습니다. 체크포인트를 활성화하면 Amazon SageMaker는 마지막 체크포인트에서 관리형 스팟 트레이닝 작업을 재개합니다."
관리형 스팟 트레이닝 작업의 비용 절감액은 어떻게 계산합니까? , "관리형 스팟 교육 작업이 완료되면 AWS Management Console에서 절감액을 확인할 수 있으며, 교육 작업이 실행된 기간과 비용이 청구된 기간 간의 백분율 차이로 비용 절감액을 계산할 수도 있습니다. 관리형 스팟 트레이닝 작업이 중단된 횟수에 관계없이 데이터를 다운로드한 기간 동안에는 요금이 한 번만 부과됩니다."
관리형 스팟 트레이닝과 함께 사용할 수 있는 인스턴스는 무엇입니까? , "관리형 스팟 트레이닝은 Amazon SageMaker에서 지원되는 모든 인스턴스에서 사용할 수 있습니다."
관리형 스팟 교육이 지원되는 AWS 지역은 어디입니까? , "관리형 스팟 교육은 현재 Amazon SageMaker를 사용할 수 있는 모든 AWS 지역에서 지원됩니다."
학습에 사용할 수 있는 데이터세트 크기에 제한이 있나요? , "Amazon SageMaker를 사용하여 모델을 학습시키는 데 사용할 수 있는 데이터 세트 크기에는 정해진 제한이 없습니다."
Amazon SageMaker는 어떤 알고리즘을 사용하여 모델을 생성합니까? , "Amazon SageMaker에는 선형 회귀, 로지스틱 회귀, k-평균 클러스터링, 주성분 분석, 인수분해 기계, 신경 주제 모델링, 잠재 디리클레 할당, 그래디언트 부스트 트리, 시퀀스 2 시퀀스, 시계열 예측, word2vec, 이미지 분류를 위한 내장 알고리즘이 포함되어 있습니다. 또한 SageMaker는 최적화된 아파치 MXNet, Tensorflow, Chainer, PyTorch, Gluon, Keras, Horovod, Scikit-Learn 및 딥 그래프 라이브러리 컨테이너를 제공합니다. 또한 Amazon SageMaker는 문서화된 사양을 준수하는 Docker 이미지를 통해 제공되는 사용자 지정 교육 알고리즘을 지원합니다."
"자동 모델 튜닝이란 무엇입니까?", 대부분의 ML 알고리즘은 기본 알고리즘의 작동 방식을 제어하는 다양한 매개변수를 노출합니다. 이러한 파라미터를 일반적으로 하이퍼파라미터라고 하며 해당 값은 학습된 모델의 품질에 영향을 미칩니다. 자동 모델 튜닝은 최적의 모델을 산출할 수 있는 알고리즘의 하이퍼파라미터 세트를 찾는 프로세스입니다.
자동 모델 튜닝으로 어떤 모델을 튜닝할 수 있습니까? , "내장된 SageMaker 알고리즘, 심층 신경망 또는 Docker 이미지 형태로 SageMaker에 가져오는 임의 알고리즘 등 과학적으로 가능한 모든 알고리즘 위에 Amazon SageMaker에서 자동 모델 튜닝을 실행할 수 있습니다."
Amazon SageMaker 외부에서 자동 모델 튜닝을 사용할 수 있습니까? , 지금은 안 돼요. 최고의 모델 튜닝 성능과 경험은 Amazon SageMaker에 있습니다.
자동 모델 튜닝을 위한 기본 조정 알고리즘은 무엇입니까? , "현재 하이퍼파라미터 조정 알고리즘은 베이지안 최적화의 사용자 정의 구현입니다. 조정 프로세스 전반에 걸쳐 고객이 지정한 객관적 지표를 최적화하는 것을 목표로 합니다. 특히, 완료된 교육 작업의 개체 메트릭을 확인하고 지식을 사용하여 다음 교육 작업에 사용할 하이퍼파라미터 조합을 추론합니다."
"자동 모델 튜닝은 튜닝을 위해 특정 하이퍼파라미터를 권장합니까?","아니요. 특정 하이퍼파라미터가 모델 성능에 미치는 영향은 다양한 요인에 따라 달라지며, 한 하이퍼파라미터가 다른 하이퍼파라미터보다 더 중요하므로 조정이 필요하다고 단정짓기는 어렵습니다. Amazon SageMaker에 내장된 알고리즘의 경우 하이퍼파라미터의 조정 가능 여부를 결정합니다."
"하이퍼파라미터 조정 작업은 시간이 얼마나 걸립니까?","하이퍼파라미터 조정 작업에 걸리는 시간은 데이터 크기, 기본 알고리즘, 하이퍼파라미터 값 등 여러 요인에 따라 달라집니다. 또한 고객은 동시 교육 작업 수와 총 교육 작업 수를 선택할 수 있습니다. 이러한 모든 선택은 하이퍼파라미터 튜닝 작업의 지속 시간에 영향을 미칩니다."
"모델을 빠르고 정확하게 최적화하는 것과 같이 여러 목표를 동시에 최적화할 수 있습니까?","지금은 안 돼요. 현재는 두 개 이상의 유용한 지표 간의 가중 평균인 새 지표를 생성하도록 알고리즘 코드를 최적화하거나 변경하려면 목표 지표 하나를 지정해야 합니다. 그런 다음 조정 프로세스를 해당 목표 지표에 맞게 최적화해야 합니다."
"자동 모델 튜닝은 비용이 얼마나 드나요?","하이퍼파라미터 튜닝 작업 자체에는 요금이 부과되지 않습니다. 모델 교육 가격을 기준으로 하이퍼파라미터 조정 작업에서 시작된 교육 작업에 따라 요금이 부과됩니다."
"Amazon SageMaker 오토파일럿을 사용할지 아니면 자동 모델 튜닝을 사용할지 어떻게 결정하나요?","Amazon SageMaker 오토파일럿은 특징 전처리, 알고리즘 선택, 하이퍼파라미터 튜닝을 포함하여 일반적인 ML 워크플로의 모든 것을 자동화하는 동시에 분류 및 회귀 사용 사례에 특히 중점을 둡니다. 반면 자동 모델 튜닝은 기본 제공 알고리즘, 딥 러닝 프레임워크 또는 사용자 지정 컨테이너를 기반으로 하든 관계없이 모든 모델을 튜닝할 수 있도록 설계되었습니다. 유연성을 확보하려면 특정 알고리즘, 튜닝할 하이퍼파라미터, 해당 검색 범위를 수동으로 선택해야 합니다."
강화 학습이란 무엇인가요? , 강화 학습은 상담원이 자신의 행동과 경험에서 얻은 피드백을 사용하여 시행착오를 거쳐 대화형 환경에서 학습할 수 있도록 하는 ML 기법입니다.
"Amazon SageMaker에서 강화 학습 모델을 학습시킬 수 있습니까?","예. Amazon SageMaker에서는 지도 학습 모델 및 비지도 학습 모델 외에도 강화 학습 모델을 훈련할 수 있습니다."
강화 학습은 지도 학습과 어떻게 다릅니까? , "지도 학습과 강화 학습 모두 입력과 출력 간의 매핑을 사용하지만 에이전트에게 제공되는 피드백이 작업 수행을 위한 올바른 행동 집합인 지도 학습과 달리 강화 학습은 지연된 피드백을 사용합니다. 강화 학습은 지연된 피드백을 사용합니다. 이 피드백은 일련의 작업을 통해 장기적인 목표를 보장하도록 보상 신호를 최적화합니다."
"강화 학습은 언제 사용해야 하나요?","지도 학습 기법의 목표는 훈련 데이터의 패턴을 기반으로 정답을 찾는 것이지만, 비지도 학습 기법의 목표는 데이터 포인트 간의 유사점과 차이점을 찾는 것입니다. 반면, 강화 학습 (RL) 기법의 목표는 원하는 결과를 달성하는 방법이 명확하지 않더라도 원하는 결과를 달성하는 방법을 배우는 것입니다. 따라서 RL은 에이전트가 로봇 공학, 자율 주행 차량, HVAC, 산업 제어 등과 같이 자율적인 결정을 내릴 수 있는 지능형 애플리케이션을 구현하는 데 더 적합합니다."
"RL 모델 교육에 어떤 유형의 환경을 사용할 수 있나요?","Amazon SageMaker RL은 RL 모델 교육을 위한 다양한 환경을 지원합니다. AWS RoboMaker와 같은 AWS 서비스, 오픈 AI Gym 인터페이스를 사용하여 개발된 오픈 소스 환경 또는 사용자 지정 환경 또는 MATLAB 및 Simulink와 같은 상용 시뮬레이션 환경을 사용할 수 있습니다."
"RL 모델을 학습시키려면 RL 에이전트 알고리즘을 직접 작성해야 합니까?","아니요. Amazon SageMaker RL에는 DQN, PPO, A3C 등과 같은 RL 에이전트 알고리즘의 구현을 제공하는 Coach 및 Ray Rllib와 같은 RL 툴킷이 포함되어 있습니다."
자체 RL 라이브러리와 알고리즘 구현을 가져와서 Amazon SageMaker RL에서 실행할 수 있습니까? , "예, 자체 RL 라이브러리와 알고리즘 구현을 Docker 컨테이너로 가져와서 Amazon SageMaker RL에서 실행할 수 있습니다."
"Amazon SageMaker RL을 사용하여 분산 롤아웃을 수행할 수 있습니까?", 네. 교육을 GPU 인스턴스에서 실행하고 시뮬레이션을 여러 CPU 인스턴스에서 실행할 수 있는 이기종 클러스터를 선택할 수도 있습니다.
Amazon SageMaker는 어떤 배포 옵션을 제공합니까? , "모델을 구축하고 학습시킨 후 Amazon SageMaker는 모델을 배포할 수 있는 세 가지 옵션을 제공하므로 예측을 시작할 수 있습니다. 실시간 추론은 밀리초 지연 시간이 필요하고 페이로드 크기가 최대 6MB이고 처리 시간이 최대 60초인 워크로드에 적합합니다. 일괄 변환은 미리 사용할 수 있는 대규모 데이터 배치에 대한 오프라인 예측에 적합합니다. 비동기 추론은 1초 미만의 지연 시간 요구 사항이 없고 페이로드 크기가 최대 1GB이고 처리 시간이 최대 15분인 워크로드에 맞게 설계되었습니다. "
아마존 세이지메이커 비동기 추론이란 무엇입니까? , "Amazon SageMaker 비동기 추론은 들어오는 요청을 대기열에 넣고 비동기적으로 처리합니다. 이 옵션은 페이로드 크기가 크거나 처리 시간이 길어 도착하자마자 처리해야 하는 요청에 적합합니다. 선택적으로 요청을 적극적으로 처리하지 않는 경우 인스턴스 수를 0으로 축소하여 비용을 절감하도록 Auto Scaling 설정을 구성할 수 있습니다. "
요청을 적극적으로 처리하지 않을 때 인스턴스 수를 0으로 축소하도록 자동 크기 조정 설정을 구성하려면 어떻게 해야 합니까? , "요청을 적극적으로 처리하지 않을 때 비용을 절약하기 위해 Amazon SageMaker 비동기 추론 엔드포인트 인스턴스 수를 0으로 축소할 수 있습니다. "" 인스턴스당 대략적인 백로그 "" 사용자 지정 지표에 따라 규모를 조정하는 조정 정책을 정의하고 "" 최소 용량 "" 값을 0으로 설정해야 합니다. 단계별 지침은 개발자 안내서의 비동기 엔드포인트 자동 크기 조정 섹션을 참조하십시오. "
아마존 세이지메이커 서버리스 추론이란 무엇입니까? , "Amazon SageMaker 서버리스 추론은 ML 모델을 쉽게 배포하고 확장할 수 있도록 특별히 구축된 서버리스 모델 제공 옵션입니다. SageMaker 서버리스 추론 엔드포인트는 자동으로 컴퓨팅 리소스를 시작하고 트래픽에 따라 리소스를 확장 및 축소하므로 인스턴스 유형을 선택하거나 프로비저닝된 용량을 실행하거나 규모 조정을 관리할 필요가 없습니다. 서버리스 추론 엔드포인트의 메모리 요구사항을 선택적으로 지정할 수 있습니다. 유휴 기간이 아닌 추론 코드를 실행하는 기간과 처리된 데이터 양에 대해서만 비용을 지불하면 됩니다."
Amazon SageMaker 서버리스 추론을 사용해야 하는 이유는 무엇입니까? , "Amazon SageMaker 서버리스 추론을 사용하면 용량을 미리 프로비저닝하고 조정 정책을 관리할 필요가 없으므로 개발자 경험이 간소화됩니다. SageMaker 서버리스 추론은 사용 패턴을 기반으로 몇 초 내에 수십 개에서 수천 개의 추론으로 즉시 확장할 수 있으므로 트래픽이 간헐적이거나 예측할 수 없는 ML 애플리케이션에 적합합니다. 예를 들어, 급여 처리 회사에서 사용하는 챗봇 서비스의 경우 월말에 문의가 증가하는 반면 나머지 기간에는 트래픽이 간헐적으로 발생합니다. 이러한 시나리오에서 한 달 내내 인스턴스를 프로비저닝하는 것은 유휴 기간에 대한 비용을 지불하게 되므로 비용 효율적이지 않습니다. SageMaker Serverless Inference는 트래픽을 미리 예측하거나 조정 정책을 관리할 필요 없이 자동으로 빠르게 확장할 수 있어 이러한 유형의 사용 사례를 해결하는 데 도움이 됩니다. 또한 추론 코드를 실행하는 데 드는 컴퓨팅 시간 (밀리초 단위로 청구) 과 데이터 처리에 대한 비용만 지불하므로 트래픽이 간헐적으로 발생하는 워크로드에 비용 효율적인 옵션입니다."
Amazon SageMaker 섀도우 테스팅이란 무엇입니까? , "SageMaker를 사용하면 현재 배포된 모델을 대상으로 성능을 테스트하여 프로덕션 출시 전에 새 ML 모델을 평가하는 섀도우 테스트를 실행할 수 있습니다. SageMaker는 새 모델을 현재 프로덕션 모델과 함께 섀도우 모드로 배포하고 프로덕션 트래픽의 사용자 지정 부분을 새 모델로 미러링합니다. 오프라인 비교를 위해 모델 추론을 선택적으로 기록합니다. 또한 프로덕션 모델과 섀도우 모델 간의 주요 성능 지표 (예: 지연 시간 및 오류율) 를 비교할 수 있는 실시간 대시보드를 제공하므로 새 모델을 프로덕션으로 전환할지 여부를 결정하는 데 도움이 됩니다."
섀도우 테스트에 SageMaker를 사용해야 하는 이유는 무엇입니까? , "SageMaker는 실시간 프로덕션 트래픽에서 새 ML 모델의 성능을 평가할 수 있도록 섀도우 변형을 설정하고 모니터링하는 프로세스를 단순화합니다. SageMaker를 사용하면 섀도우 테스트를 위해 인프라를 오케스트레이션할 필요가 없습니다. 이를 통해 섀도우 변형에 미러링되는 트래픽의 비율 및 테스트 기간과 같은 테스트 매개변수를 제어할 수 있습니다. 따라서 소규모로 시작하여 모델 성능에 대한 확신을 얻은 후 새 모델에 대한 추론 요청을 늘릴 수 있습니다. SageMaker는 주요 지표 간의 성능 차이를 표시하는 실시간 대시보드를 생성하므로 모델 성능을 쉽게 비교하여 새 모델이 생산 모델과 어떻게 다른지 평가할 수 있습니다."
아마존 세이지메이커 추론 추천기란 무엇입니까? , "Amazon SageMaker 추론 추천기는 SageMaker ML 인스턴스 전반에서 성능 벤치마킹을 자동화하고 모델 성능을 조정함으로써 프로덕션 환경에서 ML 모델을 얻는 데 필요한 시간을 줄여주는 Amazon SageMaker의 새로운 기능입니다. 이제 SageMaker 추론 추천기를 사용하여 최상의 성능을 제공하고 비용을 최소화하는 엔드포인트에 모델을 배포할 수 있습니다. 인스턴스 유형을 선택하면서 몇 분 만에 SageMaker Inference Recommender를 시작하고 최적의 엔드포인트 구성을 위한 권장 사항을 몇 시간 내에 얻을 수 있으므로 몇 주간의 수동 테스트 및 튜닝에 소요되는 시간을 없앨 수 있습니다. SageMaker 추론 추천기를 사용하면 부하 테스트 중에 사용한 SageMaker ML 인스턴스에 대해서만 비용을 지불하고 추가 비용은 없습니다."
Amazon SageMaker 추론 추천기를 사용해야 하는 이유는 무엇입니까? , "성능 향상 및 비용 절감을 위해 올바른 엔드포인트 구성에 대한 권장 사항이 필요한 경우 SageMaker 추론 추천기를 사용해야 합니다. 이전에는 모델을 배포하려는 데이터 과학자가 수동 벤치마크를 실행하여 올바른 엔드포인트 구성을 선택해야 했습니다. 먼저 모델의 리소스 요구 사항과 샘플 페이로드를 기반으로 70개 이상의 사용 가능한 인스턴스 유형 중에서 적합한 ML 인스턴스 유형을 선택한 다음, 다양한 하드웨어에 맞게 모델을 최적화해야 했습니다. 그런 다음 광범위한 부하 테스트를 수행하여 지연 시간 및 처리량 요구 사항이 충족되고 비용이 낮은지 검증해야 했습니다. SageMaker Inference Recommender를 사용하면 1) 몇 분 만에 인스턴스 추천을 시작하고, 2) 인스턴스 유형에 대한 부하 테스트를 수행하여 몇 시간 내에 엔드포인트 구성에 대한 권장 사항을 얻고, 3) 컨테이너 및 모델 서버 매개변수를 자동으로 조정하고 주어진 인스턴스 유형에 대한 모델 최적화를 수행할 수 있어 이러한 복잡성이 사라집니다."
Amazon SageMaker 인퍼런스 추천기는 다른 AWS 서비스와 어떻게 연동됩니까? , "데이터 사이언티스트는 세이지메이커 스튜디오, 파이썬용 AWS SDK (Boto3) 또는 AWS CLI에서 아마존 세이지메이커 추론 추천자에 액세스할 수 있습니다. 등록된 모델 버전의 경우 SageMaker 모델 레지스트리의 SageMaker Studio 내에서 배포 권장 사항을 확인할 수 있습니다. 데이터 과학자는 SageMaker Studio, AWS SDK 또는 AWS CLI를 통해 권장 사항을 검색하고 필터링할 수 있습니다."
"Amazon SageMaker 추론 추천기는 다중 모델 엔드포인트 또는 다중 컨테이너 엔드포인트를 지원할 수 있습니까?","아니요. 현재는 엔드포인트당 단일 모델만 지원합니다."
SageMaker 인퍼런스 추천기는 어떤 유형의 엔드포인트를 지원하나요? , 현재는 실시간 엔드포인트만 지원합니다.
SageMaker 추론 추천기를 한 지역에서 사용하고 다른 지역에서는 벤치마크를 할 수 있습니까? , "출시 시점에는 AWS 중국 지역을 제외하고 Amazon SageMaker가 지원하는 모든 지역을 지원할 예정입니다."
아마존 세이지메이커 인퍼런스 추천기는 Amazon EC2 Inf1 인스턴스를 지원합니까? , "예, 모든 유형의 컨테이너를 지원합니다. AWS Inferentia 칩을 기반으로 하는 Amazon EC2 Inf1에는 뉴런 컴파일러 또는 Amazon SageMaker Neo를 사용하여 컴파일된 모델 아티팩트가 필요합니다. 인퍼런시아 타겟용으로 컴파일된 모델과 관련 컨테이너 이미지 URI가 있으면 Amazon SageMaker 추론 추천기를 사용하여 다양한 Inferentia 인스턴스 유형을 벤치마킹할 수 있습니다."
아마존 세이지메이커 모델 모니터란 무엇입니까? , "Amazon SageMaker 모델 모니터를 사용하면 개발자가 컨셉 드리프트를 감지하고 수정할 수 있습니다. SageMaker 모델 모니터는 배포된 모델에서 개념 드리프트를 자동으로 감지하고 문제의 원인을 식별하는 데 도움이 되는 상세한 알림을 제공합니다. SageMaker에서 학습한 모든 모델은 Amazon SageMaker Studio에서 수집하고 볼 수 있는 주요 지표를 자동으로 내보냅니다. SageMaker Studio 내에서 수집할 데이터, 데이터를 보는 방법, 알림 수신 시기를 구성할 수 있습니다."
Amazon SageMaker가 실행되는 인프라에 액세스할 수 있습니까? , "아니요. Amazon SageMaker는 사용자를 대신하여 컴퓨팅 인프라를 운영하므로 상태 점검을 수행하고, 보안 패치를 적용하고, 기타 일상적인 유지 관리를 수행할 수 있습니다. 자체 호스팅 환경에서 사용자 지정 추론 코드를 사용하여 학습에서 얻은 모델 아티팩트를 배포할 수도 있습니다."
"프로덕션 환경에서 Amazon SageMaker 모델의 크기와 성능을 확장하려면 어떻게 해야 합니까?","Amazon SageMaker 호스팅은 애플리케이션 자동 크기 조정을 사용하여 애플리케이션에 필요한 성능으로 자동으로 확장됩니다. 또한 엔드포인트 구성을 수정하여 다운타임 없이 인스턴스 번호와 유형을 수동으로 변경할 수 있습니다."
Amazon SageMaker 프로덕션 환경을 모니터링하려면 어떻게 해야 합니까? , "Amazon SageMaker는 Amazon CloudWatch 지표로 성능 지표를 내보내므로 지표를 추적하고, 경보를 설정하고, 프로덕션 트래픽의 변화에 자동으로 대응할 수 있습니다. 또한 Amazon SageMaker는 Amazon CloudWatch 로그에 로그를 기록하여 프로덕션 환경을 모니터링하고 문제를 해결할 수 있도록 합니다."
Amazon SageMaker에서는 어떤 종류의 모델을 호스팅할 수 있습니까?, Amazon SageMaker는 추론 Docker 이미지에 대한 문서화된 사양을 준수하는 모든 모델을 호스팅할 수 있습니다. 여기에는 Amazon SageMaker 모델 아티팩트와 추론 코드에서 생성된 모델이 포함됩니다.
Amazon SageMaker는 얼마나 많은 동시 실시간 API 요청을 지원합니까? , "Amazon SageMaker는 초당 많은 수의 트랜잭션으로 확장할 수 있도록 설계되었습니다. 정확한 수는 배포된 모델, 그리고 모델이 배포되는 인스턴스의 수 및 유형에 따라 달라집니다."
배치 변환이란 무엇입니까? , "배치 변환을 사용하면 크거나 작은 배치 데이터에 대해 예측을 실행할 수 있습니다. 데이터세트를 여러 청크로 나누거나 실시간 엔드포인트를 관리할 필요가 없습니다. 간단한 API로 대량의 데이터 레코드에 대한 예측을 요청하고 데이터를 빠르고 쉽게 변환할 수 있습니다."
아마존 세이지메이커 엣지 매니저란 무엇입니까? , "Amazon SageMaker Edge Manager를 사용하면 스마트 카메라, 로봇, 개인용 컴퓨터 및 모바일 장치와 같은 다양한 엣지 디바이스에서 ML 모델을 더 쉽게 최적화, 보호, 모니터링 및 유지 관리할 수 있습니다. SageMaker Edge Manager는 ML 개발자가 다양한 엣지 디바이스에서 대규모로 ML 모델을 운영할 수 있도록 지원합니다."
Amazon SageMaker 엣지 매니저를 시작하려면 어떻게 해야 합니까? , "Amazon SageMaker Edge Manager를 시작하려면 학습된 ML 모델을 클라우드에서 컴파일 및 패키징하고, 디바이스를 등록하고, SageMaker Edge Manager SDK를 사용하여 디바이스를 준비해야 합니다. 배포할 모델을 준비하기 위해 SageMaker Edge Manager는 SageMaker Neo를 사용하여 대상 에지 하드웨어에 맞게 모델을 컴파일합니다. 모델이 컴파일되면 SageMaker Edge Manager는 AWS에서 생성한 키로 모델에 서명한 다음, 런타임 및 필요한 자격 증명과 함께 모델을 패키징하여 배포 준비를 완료합니다. 장치 측에서는 SageMaker Edge Manager에 장치를 등록하고 SageMaker Edge Manager SDK를 다운로드한 다음 지침에 따라 장치에 SageMaker Edge Manager 에이전트를 설치합니다. 자습서 노트북은 SageMaker Edge Manager를 사용하여 모델을 준비하고 에지 장치에서 모델을 연결하는 방법에 대한 단계별 예제를 제공합니다."
아마존 세이지메이커 엣지 매니저는 어떤 디바이스를 지원하나요? , "아마존 세이지메이커 엣지 매니저는 리눅스 및 윈도우 운영 체제와 함께 일반적인 CPU (ARM, x86) 및 GPU (ARM, Nvidia) 기반 디바이스를 지원합니다. 시간이 지남에 따라 세이지메이커 엣지 매니저는 SageMaker Neo에서도 지원하는 더 많은 임베디드 프로세서와 모바일 플랫폼을 지원하도록 확장될 것입니다."
아마존 세이지메이커 엣지 매니저를 사용하려면 아마존 세이지메이커를 사용하여 모델을 학습시켜야 합니까? , "아니요, 당신은 몰라요. 다른 곳에서 모델을 학습시키거나 오픈소스나 모델 벤더의 사전 학습된 모델을 사용할 수 있습니다."
Amazon SageMaker Edge Manager를 사용하려면 Amazon SageMaker Neo를 사용하여 모델을 컴파일해야 합니까? , "네, 그래요. Amazon SageMaker Neo는 모델을 실행 파일로 변환하고 컴파일한 다음, 이를 패키징하여 엣지 디바이스에 배포할 수 있습니다. 모델 패키지가 배포되면 Amazon SageMaker Edge Manager 에이전트가 모델 패키지의 압축을 풀고 디바이스에서 모델을 실행합니다."
엣지 디바이스에 모델을 배포하려면 어떻게 해야 합니까? , Amazon SageMaker Edge Manager는 지정된 Amazon S3 버킷에 모델 패키지를 저장합니다. AWS IoT Greengrass에서 제공하는 무선 (OTA) 배포 기능 또는 원하는 다른 배포 메커니즘을 사용하여 S3 버킷에서 디바이스로 모델 패키지를 배포할 수 있습니다.
아마존 세이지메이커 엣지 매니저 SDK는 세이지메이커 네오 런타임 (dlr) 과 어떻게 다릅니까? , "Neo dlr은 아마존 세이지메이커 네오 서비스로 컴파일된 모델만 실행하는 오픈 소스 런타임입니다. 오픈 소스 dlr과 비교하여 SageMaker Edge Manager SDK에는 추가 보안, 모델 관리 및 모델 제공 기능을 갖춘 엔터프라이즈급 온디바이스 에이전트가 포함되어 있습니다. SageMaker Edge Manager SDK는 대규모 프로덕션 배포에 적합합니다."
아마존 세이지메이커 엣지 매니저는 AWS IoT 그린그래스와 어떤 관련이 있습니까? , "아마존 세이지메이커 엣지 매니저와 AWS IoT 그린그래스는 IoT 솔루션에서 함께 작동할 수 있습니다. ML 모델을 SageMaker Edge Manager로 패키징한 후에는 AWS IoT Greengrass의 OTA 업데이트 기능을 사용하여 모델 패키지를 디바이스에 배포할 수 있습니다. AWS IoT Greengrass를 사용하면 IoT 디바이스를 원격으로 모니터링할 수 있고, SageMaker Edge Manager를 사용하면 디바이스에서 ML 모델을 모니터링하고 유지 관리할 수 있습니다."
아마존 세이지메이커 엣지 매니저는 AWS 파노라마와 어떤 관련이 있습니까? 아마존 세이지메이커 엣지 매니저와 AWS 파노라마는 언제 사용해야 합니까? , "AWS는 엣지 디바이스에서 모델을 실행할 수 있는 가장 광범위하고 깊이 있는 기능을 제공합니다. 당사는 컴퓨터 비전, 음성 인식, 예측 유지 관리를 비롯한 다양한 사용 사례를 지원하는 서비스를 제공합니다. 카메라 및 어플라이언스와 같은 엣지 디바이스에서 컴퓨터 비전을 실행하려는 회사의 경우 AWS Panorama를 사용할 수 있습니다. 파노라마는 즉시 배포할 수 있는 엣지 디바이스용 컴퓨터 비전 애플리케이션을 제공합니다. 클라우드 콘솔에 로그인하고 Amazon S3 또는 SageMaker에서 사용할 모델을 지정한 다음 비즈니스 로직을 Python 스크립트로 작성하면 AWS Panorama를 쉽게 시작할 수 있습니다. AWS Panorama는 대상 디바이스용 모델을 컴파일하고 몇 번의 클릭만으로 디바이스에 배포할 수 있도록 애플리케이션 패키지를 생성합니다. 또한 자체 사용자 지정 애플리케이션을 구축하려는 독립 소프트웨어 공급업체는 AWS Panorama SDK를 사용할 수 있으며, 디바이스 제조업체는 디바이스 SDK를 사용하여 AWS Panorama용 디바이스를 인증할 수 있습니다. 자체 모델을 구축하고 모델 기능을 보다 세밀하게 제어하려는 고객은 Amazon SageMaker Edge Manager를 사용할 수 있습니다. SageMaker Edge Manager는 자연어 처리, 사기 탐지, 예측 유지 관리와 같은 모든 사용 사례에 맞게 스마트 카메라, 스마트 스피커 및 로봇과 같은 다양한 엣지 디바이스에서 ML 모델을 준비, 실행, 모니터링 및 업데이트할 수 있는 관리형 서비스입니다. SageMaker Edge Manager는 다양한 모델 기능 엔지니어링 및 드리프트에 대한 모델 모니터링을 포함하여 모델을 제어하려는 ML 엣지 개발자를 위한 것입니다. 모든 ML 엣지 개발자는 세이지메이커 콘솔 및 세이지메이커 API를 통해 세이지메이커 엣지 매니저를 사용할 수 있습니다. SageMaker Edge Manager는 SageMaker의 기능을 사용하여 클라우드에서 모델을 구축, 학습 및 엣지 장치에 배포할 수 있도록 합니다."
아마존 세이지메이커 엣지 매니저를 사용할 수 있는 AWS 지역은 어디입니까? , "Amazon SageMaker Edge Manager는 미국 동부 (버지니아 북부), 미국 동부 (오하이오), 미국 서부 (오레곤), EU (아일랜드), EU (프랑크푸르트), 아시아 태평양 (도쿄) 등 6개의 AWS 지역에서 사용할 수 있습니다. 자세한 내용은 AWS 지역 서비스 목록을 참조하십시오."
아마존 세이지메이커 네오란 무엇입니까? , Amazon SageMaker Neo를 사용하면 ML 모델을 한 번 학습시킨 후 클라우드와 엣지 어디서나 실행할 수 있습니다. SageMaker Neo는 여러 하드웨어 플랫폼에 배포하는 데 사용할 수 있는 인기 있는 딥 러닝 프레임워크로 구축된 모델을 자동으로 최적화합니다. 최적화된 모델은 최대 25배 더 빠르게 실행되며 일반적인 ML 모델보다 10분의 1 미만의 리소스를 소비합니다.
아마존 세이지메이커 네오를 시작하려면 어떻게 해야 합니까? , "Amazon SageMaker Neo를 시작하려면 Amazon SageMaker 콘솔에 로그인하고 학습된 모델을 선택한 다음 예제에 따라 모델을 컴파일하고 결과 모델을 대상 하드웨어 플랫폼에 배포하십시오."
아마존 세이지메이커 네오의 주요 구성 요소는 무엇입니까? , "Amazon SageMaker Neo에는 컴파일러와 런타임이라는 두 가지 주요 구성 요소가 포함되어 있습니다. 먼저, Neo 컴파일러는 서로 다른 프레임워크에서 내보낸 모델을 읽습니다. 그런 다음 프레임워크별 함수 및 연산을 프레임워크에 구애받지 않는 중간 표현으로 변환합니다. 그런 다음 일련의 최적화를 수행합니다. 그런 다음 컴파일러는 최적화된 작업을 위한 바이너리 코드를 생성하여 공유 객체 라이브러리에 씁니다. 또한 컴파일러는 모델 정의와 매개변수를 별도의 파일에 저장합니다. 실행 중에 Neo 런타임은 컴파일러에서 생성된 아티팩트 (모델 정의, 파라미터, 모델을 실행하기 위한 공유 객체 라이브러리) 를 로드합니다."
Amazon SageMaker Neo를 사용하여 모델을 변환하려면 Amazon SageMaker를 사용하여 모델을 학습시켜야 합니까? , 아니요. 다른 곳에서 모델을 학습시키고 Neo를 사용하여 Amazon SageMaker ML 인스턴스 또는 AWS IoT Greengrass 지원 디바이스에 맞게 최적화할 수 있습니다.
아마존 세이지메이커 네오는 어떤 모델을 지원합니까? , "현재 Amazon SageMaker Neo는 컴퓨터 비전 애플리케이션을 지원하는 가장 인기 있는 딥 러닝 모델과 오늘날 Amazon SageMaker에서 가장 많이 사용되는 의사 결정 트리 모델을 지원합니다. Neo는 MXNet과 TensorFlow에서 학습한 AlexNet, ResNet, VGG, Inception, MobileNet, SqueezeNet 및 DenseNet 모델과 XGBoost에서 학습한 분류 및 랜덤 컷 포레스트 모델의 성능을 최적화합니다."
아마존 세이지메이커 네오는 어떤 하드웨어 플랫폼을 지원하나요? , "지원되는 클라우드 인스턴스, 엣지 디바이스 및 프레임워크 버전 목록은 Amazon SageMaker Neo 설명서에서 찾을 수 있습니다."
아마존 세이지메이커 네오를 사용할 수 있는 AWS 지역은 어디입니까? , "지원되는 지역 목록을 보려면 AWS 지역 서비스 목록을 참조하십시오."
아마존 세이지메이커 저축 플랜이란 무엇입니까? , "Amazon SageMaker 예금 플랜은 1년 또는 3년 기간 동안 일관된 사용량 (시간당 USD) 을 약속하는 대가로 Amazon SageMaker에 유연한 사용량 기반 요금 모델을 제공합니다. Amazon SageMaker 저축 플랜은 최고의 유연성을 제공하며 비용을 최대 64% 절감하는 데 도움이 됩니다. 이러한 플랜은 SageMaker Studio 노트북, SageMaker 온디맨드 노트북, SageMaker 프로세싱, SageMaker 데이터 랭글러, SageMaker 교육, SageMaker 실시간 추론 및 SageMaker 배치 변환을 비롯한 적격한 SageMaker ML 인스턴스 사용에 자동으로 적용됩니다. 예를 들어 추론 워크로드를 위해 언제든지 미국 동부 (오하이오) 에서 실행되는 CPU 인스턴스 ml.c5.xlarge에서 미국 서부 (오레곤) 의 ML.INF1 인스턴스로 사용량을 변경하고 자동으로 Savings Plan 가격을 계속 지불할 수 있습니다."
Amazon SageMaker 저축 플랜을 사용해야 하는 이유는 무엇입니까? , "Amazon SageMaker 인스턴스 사용량이 일정하고 (시간당 USD로 측정) 여러 SageMaker 구성 요소를 사용하거나 시간이 지남에 따라 기술 구성 (예: 인스턴스 패밀리 또는 지역) 이 변경될 것으로 예상되는 경우, SageMaker 저축 플랜을 사용하면 보다 간단하게 비용 절감을 극대화하는 동시에 애플리케이션 요구 사항이나 새로운 혁신에 따라 기본 기술 구성을 변경할 수 있는 유연성을 제공합니다. Savings Plan 요금은 수동으로 수정할 필요 없이 모든 적격 ML 인스턴스 사용에 자동으로 적용됩니다."
Amazon SageMaker 저축 플랜을 시작하려면 어떻게 해야 합니까? , "AWS 관리 콘솔의 AWS 비용 탐색기에서 또는 API/CLI를 사용하여 저축 플랜을 시작할 수 있습니다. AWS Cost Explorer에서 제공하는 권장 사항을 사용하여 저축 플랜을 쉽게 약정하여 비용 절감을 극대화할 수 있습니다. 권장 시간당 약정은 과거 온디맨드 사용량과 선택한 계획 유형, 기간 및 결제 옵션을 기반으로 합니다. Savings Plan에 가입하면 컴퓨팅 사용량에 할인된 Savings Plan 요금이 자동으로 청구되고 약정을 초과하는 사용량에 대해서는 일반 온디맨드 요금이 청구됩니다."
Amazon SageMaker의 저축 플랜은 Amazon EC2의 컴퓨팅 저축 플랜과 어떻게 다릅니까? , Amazon SageMaker용 저축 플랜과 EC2용 저축 플랜의 차이는 포함된 서비스에 있습니다. 세이지메이커 저축 플랜은 SageMaker ML 인스턴스 사용에만 적용됩니다.
저축 플랜은 AWS 조직/통합 결제와 어떻게 작동합니까? , "저축 플랜은 AWS 조직/통합 결제 제품군 내 모든 계정에서 구매할 수 있습니다. 기본적으로 Savings Plans에서 제공하는 혜택은 AWS 조직/통합 결제 제품군 내 모든 계정의 사용에 적용됩니다. 하지만 Savings Plans의 혜택을 구매한 계정으로만 제한하도록 선택할 수도 있습니다."